Covariate,GG0130A1,GG0130B1,GG0130C1,GG0170A1,GG0170C1,GG0170D1,GG0170E1,GG0170F1,GG0170I1,GG0170J1,GG0170R1
Eating (GG0130A1) - Valid Score,--,0.5630,-0.0563,0.0285,0.0395,0.0806,0.0731,0.0234,0.0317,0.0554,0.0454
Eating (GG0130A1) - Not Attempted,--,1.1629,-0.8678,-0.6799,-0.3853,1.1101,0.0675,-0.8952,1.1176,0.1395,-0.0090
Oral Hygiene (GG0130B1) - Valid Score,0.4940,--,0.0162,0.0931,-0.0100,-0.0161,-0.0415,0.0257,-0.0344,0.0284,0.0276
Oral Hygiene (GG0130B1) - Not Attempted,2.0680,--,-0.5949,0.1883,0.5307,-0.2216,-1.6589,0.7155,0.4259,0.1763,0.0271
Toileting Hygiene (GG0130C1) - Valid Score,0.0334,0.1054,--,0.0113,0.0040,-0.0508,0.1622,0.0569,-0.0545,0.0570,-0.0200
Toileting Hygiene (GG0130C1) - Not Attempted,-0.5536,0.4607,--,1.4167,1.1997,-1.4750,0.8479,-0.3078,-0.0641,0.6754,-0.0093
Shower/Bathe Self (GG0130E1) - Valid Score,0.0841,0.0208,0.3382,0.0270,0.0311,0.0636,0.0972,0.0907,0.0435,-0.0342,0.0336
Shower/Bathe Self (GG0130E1) - Not Attempted,0.3125,-0.0432,0.7769,0.1614,-0.0821,0.1918,0.3366,0.2331,0.2447,-0.1589,0.0937
Upper Body Dressing (GG0130F1) - Valid Score,0.1553,0.2653,0.0447,0.0533,-0.0263,-0.0224,0.0176,-0.1028,-0.0501,-0.0370,0.0727
Upper Body Dressing (GG0130F1) - Not Attempted,1.6815,1.2103,0.3406,-1.5619,0.4975,-0.5183,-0.1650,-2.7194,0.3093,-0.2773,0.4381
Lower Body Dressing (GG0130G1) - Valid Score,-0.1765,-0.0259,0.4514,-0.0349,0.1022,-0.1033,0.1226,-0.0192,0.2505,0.1189,-0.0001
Lower Body Dressing (GG0130G1) - Not Attempted,-0.8051,0.0186,1.8534,0.1656,1.2966,-0.7281,1.2456,1.0855,0.3189,0.9975,-0.2691
Put on/Take off Footwear (GG0130H1) - Valid Score,0.0961,-0.0333,0.1142,0.0221,-0.0323,0.0175,-0.0064,-0.0022,-0.1447,-0.0229,0.0020
Put on/Take off Footwear (GG0130H1) - Not Attempted,-0.0652,-0.1799,0.5186,0.8334,-0.6439,0.6417,-0.0686,0.7305,-0.5836,-0.4496,0.0961
Roll Left and Right (GG0170A1) - Valid Score,0.0791,0.0366,0.0313,--,-0.0279,-0.0649,0.0587,0.0725,0.0769,0.0141,0.0880
Roll Left and Right (GG0170A1) - Not Attempted,0.3582,-0.2149,0.1686,--,-1.6168,-0.9781,1.4976,1.5809,0.6556,-0.7055,0.4841
Sit to Lying (GG0170B1) - Valid Score,0.1097,0.1714,0.0044,0.6596,1.1962,0.3547,0.2148,0.0022,0.1478,-0.0330,0.0510
Sit to Lying (GG0170B1) - Not Attempted,0.0142,-0.0377,-0.2532,0.0742,6.0172,3.2939,1.8048,0.4774,2.0918,-1.9283,0.0316
Lying to Sitting on Side of Bed (GG0170C1) - Valid Score,-0.1150,-0.1034,0.0585,0.5205,--,0.0887,0.3243,0.0432,-0.1738,0.0155,-0.0136
Lying to Sitting on Side of Bed (GG0170C1) - Not Attempted,-0.1577,0.1188,0.1458,1.6099,--,0.8702,-1.4297,-0.5381,-1.6740,3.0221,-0.1445
Sit to Stand (GG0170D1) - Valid Score,0.0150,0.0223,-0.0914,-0.0211,-0.0418,--,--,0.9536,0.2536,0.1435,-0.0021
Sit to Stand (GG0170D1) - Not Attempted,0.0509,-0.0758,-0.6493,-0.1710,-0.0652,--,--,2.6707,1.0559,-0.5812,-0.0303
Chair/Bed-to-Chair Transfer (GG0170E1) - Valid Score,0.0542,-0.0361,0.2105,0.0648,0.0929,--,--,--,0.4744,0.3457,0.0767
Chair/Bed-to-Chair Transfer (GG0170E1) - Not Attempted,-0.0406,-0.0860,0.7521,0.2492,0.2108,--,--,--,0.8967,1.3231,-0.1016
Toilet Transfer (GG0170F1) - Valid Score,0.0198,-0.0254,0.1282,-0.0227,0.0527,0.9439,--,--,-0.0333,0.2054,-0.0178
Toilet Transfer (GG0170F1) - Not Attempted,0.0580,-0.0056,0.0970,-0.0044,0.0535,2.2602,--,--,-0.4429,0.5842,-0.1179
Car Transfer (GG0170G1) - Valid Score,0.0165,-0.0077,0.0222,-0.0211,0.0756,0.0841,0.1395,--,-0.0459,0.1044,-0.0133
Car Transfer (GG0170G1) - Not Attempted,0.1039,-0.0174,0.0755,-0.0555,0.1809,0.1255,0.3007,--,-0.1127,0.3516,-0.0236
Walk 10 Feet (GG0170I1) - Valid Score,0.0131,-0.0871,0.1234,0.1524,0.1034,0.3452,0.3716,0.3934,--,--,0.0657
Walk 10 Feet (GG0170I1) - Not Attempted,3.7602,9.0201,-1.4169,2.6638,-1.2663,-0.2743,-0.1363,-0.5896,--,--,2.0777
Walk 50 Feet With 2 Turns (GG0170J1) - Valid Score,0.0801,0.1302,-0.2268,-0.1281,0.0396,-0.1529,0.0036,-0.0689,0.6475,--,0.0190
Walk 50 Feet With 2 Turns (GG0170J1) - Not Attempted,0.2571,0.4902,-0.8948,-0.5754,0.0121,-0.7163,0.0389,-0.3368,1.8114,--,0.0163
Walk 50 Feet With 2 Turns (GG0170J1) - Skipped,-3.5751,-9.0603,1.8402,-2.5293,1.9141,--,--,1.3553,--,--,-2.1832
Walk 150 Feet (GG0170K1) - Valid Score,-0.0454,-0.1611,0.3484,0.1382,0.1930,0.4348,-0.1384,0.0495,-0.0504,--,-0.1223
Walk 150 Feet (GG0170K1) - Not Attempted,-0.2118,-0.6449,1.3500,0.4473,0.4615,1.4079,-0.5949,0.0234,-0.2585,--,-0.2350
Walk 150 Feet (GG0170K1) - Skipped,--,--,--,--,--,--,--,--,--,--,--
Walk 10 Feet Uneven Surface (GG0170L1) - Valid Score,0.0188,0.0448,-0.0524,-0.0551,-0.0081,-0.4802,-0.0351,0.0519,0.0745,0.3492,-0.0171
Walk 10 Feet Uneven Surface (GG0170L1) - Not Attempted,0.0906,0.1852,-0.0914,-0.1878,-0.0926,-1.7491,-0.1492,0.0979,0.1960,1.0934,-0.0361
Walk 10 Feet Uneven Surface (GG0170L1) - Skipped,--,--,--,--,--,--,--,--,--,--,--
1 Step (curb) (GG0170M1) - Valid Score,-0.1393,0.0169,0.0070,0.0738,-0.0166,0.1868,0.0051,0.1248,0.1978,0.3065,0.0631
1 Step (curb) (GG0170M1) - Not Attempted,-2.9153,-1.5514,-1.0986,-1.9579,-2.4102,1.2829,1.8055,-1.3038,-2.0813,2.1983,1.8201
4 Steps (GG0170N1) - Valid Score,0.1211,0.1278,-0.3111,-0.3272,-0.2078,-0.2198,0.3191,-0.3839,-0.0984,-0.0154,0.0059
4 Steps (GG0170N1) - Not Attempted,-1.5596,-0.3117,-0.0723,-1.4111,-1.4685,0.8505,1.6524,-2.6011,-1.8566,-0.9597,-0.3565
4 Steps (GG0170N1) - Skipped,0.8613,1.3610,0.9481,0.8086,0.8160,--,--,-0.9857,0.8863,-2.1467,-2.0387
12 Steps (GG0170O1) - Valid Score,-0.0536,-0.1061,0.3967,0.5113,0.3312,0.5943,0.2456,0.2093,-0.1102,-0.0075,-0.0937
12 Steps (GG0170O1) - Not Attempted,-0.5795,-0.5455,0.5480,2.0473,0.6258,1.9969,0.7769,0.4490,-0.0301,0.0060,-0.0890
12 Steps (GG0170O1) - Skipped,1.6857,0.2750,0.0950,2.1693,1.5711,--,--,1.8588,1.4730,0.9263,0.2638
Picking up Object (GG0170P1) - Valid Score,-0.0230,0.0134,-0.0687,-0.0622,0.0092,-0.0710,0.0041,0.1331,0.0250,0.1222,0.0329
Picking up Object (GG0170P1) - Not Attempted,-0.0583,0.0432,-0.1730,-0.1383,-0.2101,-0.2465,-0.0528,0.2081,0.0726,0.3950,0.0712
Wheel 50 Feet With 2 Turns (GG0170R1) - Valid Score,0.0050,-0.0084,0.0522,0.1057,0.1264,0.0578,0.0005,-0.0177,0.0469,-0.0585,--
Wheel 50 Feet With 2 Turns (GG0170R1) - Not Attempted,0.1120,-0.1596,-0.0169,0.4942,-0.0191,0.1088,-0.0201,0.1246,0.3997,-0.3358,--
Wheel 50 Feet With 2 Turns (GG0170R1) - Skipped,0.0335,-0.0480,0.0817,0.1938,-0.0305,--,--,-0.0268,0.4933,0.2987,--
Wheel 150 Feet (GG0170S1) - Valid Score,-0.0118,0.0699,0.0871,-0.0912,0.0597,0.0362,0.0141,0.0644,0.0754,0.0826,1.0912
Wheel 150 Feet (GG0170S1) - Not Attempted,-0.0684,0.1681,0.1133,-0.3071,-0.0460,-0.0205,0.0721,0.0453,0.2684,0.5553,2.7286
Wheel 150 Feet (GG0170S1) - Skipped,--,--,--,--,--,--,--,--,--,--,--
